id,county,subcounty,name,mfl,ownership
1,Mombasa,Mvita,Coast General Teaching and Referal Hospital,11289,Public
2,Mombasa,Changamwe,Port Reitz Hospital,11740,Public
3,Mombasa,Mvita,Tudor Sub County Hospital,11861,Public
4,Mombasa,Likoni,Likoni Sub County Hospital,11522,Public
5,Mombasa,Mvita,Aga Khan Hospital Mombasa,11203,Private
6,Mombasa,Mvita,Mombasa Hospital,11643,Private
7,Mombasa,Mvita,Pandya Memorial Hospital,11734,Private
8,Mombasa,Kisauni,Jocham Hospital,11434,Private
9,Mombasa,Nyali,Premiere Hospital,24022,Private
10,Kwale,Msambweni,Msambweni CRH,11655,Public
11,Kwale,Matuga,Kwale Sub County Hospital,11507,Public
12,Kwale,Kinango,Kinango Sub County Hospital,11480,Public
13,Kwale,Lungalunga,Lungalunga Sub County Hospital,11526,Public
14,Kwale,Kinango,Samburu Sub County Hospital,11768,Public
15,Kwale,Msambweni,Diani Beach Hospital,25357,Private
16,Kwale,Msambweni,Kinondo Hospital,16547,Private
17,Kilifi,Kilifi north,Kilifi county hospital,11474,Public
18,Kilifi,Malindi,Malindi sub county hospital,11555,Public
19,Kilifi,Kaloleni,Mariakani sub county hospital,11566,Public
20,Kilifi,Ganze,Bamba sub county hospital,11237,Public
21,Kilifi,Kaloleni,Jibana sub county hospital,11432,Public
22,Kilifi,Malindi,Tawfiq hospital,11843,Private
23,Kilifi,Magarini,Meridian hospital,11381,Private
24,Kilifi,Malindi,Star hospital,11829,Private
25,Kilifi,Magarini,Afya hospital,21925,Private
26,Kilifi,Rabai,Josmori hospital,25266,Private
27,Kilifi,Kaloleni,Mariakani military hopsital,11225,Military
28,Kilifi,Kilifi south,Swiss hospital,19023,Private
29,Kilifi,Kilifi north,Watamu hospital,11897,Private
30,Tana River,Galole,Hola County Referral hospital,11411,Public
31,Tana River,Tana Delta,Ngao Sub county hospital,11711,Public
32,Lamu,Tana north,Bura Sub County hospita,11264,Public
33,Lamu,Lamu West,Lamu Refferal Hospital,11512,Public
34,Lamu,Lamu West,Faza Sub County Hospital,11373,Public
35,Lamu,Lamu East,Mpeketoni Sub County Hospital,11649,Public
36,Taita Taveta,Voi,Moi County Refferal Hospital,11641,Public
37,Taita Taveta,Mwatate,Mwatate Sub County Hospital,11695,Public
38,Taita Taveta,Wundanyi,Wesu Sub County Hospital,11906,Public
39,Taita Taveta,Taveta,Taveta Sub County Hospital,11840,Public
40,Taita Taveta,Voi,St Joseph Shelter of Hope,11817,FBO
41,Taita Taveta,Voi,River Jordan Medical Centre,22279,Private
42,Garissa,Dadaab,Dadaab Sub-County Hospital,13316,Public
43,Garissa,Balambala,Balambala Sub-District Hospital,13298,Public
44,Garissa,Ijara,Ijara District Hospital - Masalani,13406,Public
45,Garissa,Lagdera,Modogashe Sub-County Hospital,13411,Public
46,Garissa,Fafi,Bura District Hospital,13339,Public
47,Garissa,Hulugho,Hulugho Sub County Hospital,13365,Public
48,Garissa,Garissa,Iftin Sub-District Hospital,13369,Public
49,Garissa,Garissa,Garissa County Referral Hospital,13346,Public
50,Garissa,Dadaab- Ifo Camp,Ifo Hospital,13368,NGO
51,Garissa,Dadaab- Dagahaley Camp,MSF Dagahaley Main Hospital,13318,NGO
52,Garissa,Fafi- Hagadera Camp,Hagadera Hospital,13359,NGO
53,Garissa,Garissa,Medina Hospital,19037,Private
54,Wajir,Eldas,Eldas Sub County Hospital,13333,Public
55,Wajir,Tarbaj,Tarbaj Sub County Hospital,13446,Public
56,Wajir,Wajir East,Wajir County Referral Hoaspital,13452,Public
57,Wajir,Wajir North,Bute Sub County Hospital,13314,Public
58,Wajir,Wajir South,Habaswein Sub County Hospital,13357,Public
59,Wajir,Wajir West,Griftu Sub County Hospital,13352,Public
60,Mandera,Mandera East,Mnadera County Referral Hospital,13402,Public
61,Mandera,Mandera North,Mandera North Subcounty Hospital,13423,Public
62,Mandera,Mandera West,Mandera West Sub county Hospital,13445,Public
63,Mandera,Lafey,Lafey sub county Hospital,13392,Public
64,Mandera,Mandera South,Mandera Central Sub County Hospital,13335,Public
65,Mandera,Banissa,Banissa Sub county Hospital,16811,Public
66,Mandera,Kotulo,Kutulo Sub county Hospital,13388,Public
67,Mandera,Laisamis,Laisamis Sub county Referral Hospital(Marsabit South),18856,Public
68,Marsabit,Moyale,Moyale Sub county Referral Hospital,12544,Public
69,Marsabit,Saku,Marsabit County Referral Hospital,12472,Public
70,Marsabit,North Horr,Kalacha Sub County Referral Hospital (Chalbi),12142,Public
71,Marsabit,Laisamis,Catholic Hospital Laisamis,16215,FBO
72,Marsabit,Saku,Ismc Hospital,12066,Private
73,Marsabit,Moyale,Sololo Mission Hospital,12739,FBO
74,Isiolo,Isiolo,Isiolo County Referral Hospital,12094,Public
75,Isiolo,Garbatulla,Garbatulla Sub County Hospital,12029,Public
76,Isiolo,Merti,Merti Sub County Hospital,12514,Public
77,Meru,Imenti South,Mikumbune Sub-District Hospital,12526,Public
78,Meru,Tigania East,Muthara Sub-District Hospital,12591,Public
79,Meru,Imenti Central,Cottolengo Mission Hospital,11977,FBO
80,Meru,Igembe South,Nyambene District Hospital,12684,Public
81,Meru,Tigania East,Mikinduri Sub-District Hospial,12525,Public
82,Meru,Imenti South,Consolata Mission Hospital (Nkubu),11976,FBO
83,Meru,Imenti Central,Githongo District Hospital,12041,Public
84,Meru,Imenti North,Giaki Sub-District Hospital,12036,Public
85,Meru,Igembe Central,Kangeta Heaith Centre,12174,Public
86,Meru,Imenti South,Kanyakine District Hospital,12181,Public
87,Meru,Buuri,St Theresa Hospital (Kiirua),12303,FBO
88,Meru,Imenti South,Kinoro Sub-District Hospital,12325,Public
89,Meru,Tigania West,Mbeu Sub-District Hospital,12500,Public
90,Meru,Igembe South,Maua Methodist Hospital,12492,FBO
91,Meru,Igembe North,Mutuati Sub-County Hospital,12605,Public
92,Meru,Imenti South,St Ann Hospital,12743,FBO
93,Meru,Buuri,Timau Sub-County Hospital,12802,Public
94,Meru,Tigania East,St John of God Hospital Tigania,12799,FBO
95,Meru,Tigania West,Miathene District Hospital,16234,Public
96,Tharaka Nithi,Chuka,Chuka county referral hospital,11973,public
97,Tharaka Nithi,Mwimbi,PCEA Chogoria hospital,12445,FBO
98,Tharaka Nithi,Mwimbi,Magutuni sub-county hospital,11970,Public
99,Tharaka Nithi,Tharaka south,Tharaka subcounty hospital,12795,public
100,Tharaka Nithi,'Igambang''ombe',Komarock Mordern hospital,26971,Private
101,Tharaka Nithi,Tharaka south,'Kibung''a hospital',23887,public
102,Tharaka Nithi,Tharaka North,Gatunga hospital,18080,Public
103,Tharaka Nithi,Tharaka south,st Orsola Hospital,12769,FBO
104,Embu,Manyatta,Embu level 5 hospital,12004,Public
105,Embu,Runyejes,Runyejes level 4 hospital,12719,Public
106,Embu,Mbeere north,Mbeere level 4 hospital,16467,Public
107,Embu,,,,
108,Embu,Mbeere north,Ishiara level 4 hospital,16464,Public
109,Embu,Manyatta,Embu childrens hospital tenri,12790,Private
110,Embu,Runyejes,Consolata kyeni mission hospital,12413,FBO
111,Kitui,Kitui Central,Neema Hospital Ltd. Annex,24171,Private
112,Kitui,Kitui Central,The Kitui Family Care Hospital,24092,Private
113,Kitui,Kitui East,Zombe Sub County Hospital,23030,Public
114,Kitui,Kitui Central,Katulani Sub County Hospital (Kitui),16991,Public
115,Kitui,Kitui South,Mutomo Sub County Hospital,12603,Public
116,Kitui,Kitui East,Mutitu Sub County Hospital,12601,Public
117,Kitui,Kitui West,Muthale Mission Hospital,12587,FBO
118,Kitui,Mwingi West,Migwani Sub County Hospital,12523,Public
119,Kitui,Kitui Central,Kitui County Referral Hospital,12366,Public
120,Kitui,Kitui Central,Jordan Hospital,12110,Private
121,Kitui,Kitui South,Our Lady of Lourdes Mutomo Hospital,12604,FBO
122,Kitui,Kitui West,Kauwi Sub County Hospital,12255,Public
123,Kitui,Kitui South,Ikanga Sub County Hospital,12077,Public
124,Kitui,Kitui South,Ikutha Sub County Hospital,12080,Public
125,Kitui,Mwingi North,Kyuso Sub County Hospital,12420,Public
126,Kitui,Mwingi Central,Mwingi Sub County Hospital,12626,Public
127,Kitui,Kitui Rural,Kanyangi Sub County Hospital,12184,Public
128,Kitui,Kitui Central,Neema Hospital,12641,Private
129,Kitui,Mwingi North,Tseikuru Sub County Hospital,12805,Public
130,Kitui,Mwingi Central,Nuu Sub County Hospital,12681,Public
131,Machakos,Mwala,Mwala Level 4,12618,Public
132,Machakos,Kathiani,Kathiani Level 4,12230,Public
133,Machakos,Kalama,Muuma Andu Level 4,12612,Public
134,Machakos,Mavoko,Athi River Level 4,11936,Public
135,Machakos,Kangundo,Kangundo Level 4,12177,Public
136,Machakos,Yatta,Matuu Level 4,12488,Public
137,Machakos,Masina,Masinga Level 4,12476,Public
138,Machakos,Matungulu,Nguluni Level 4,12657,Public
139,Machakos,Machakos,Mutuini Level 4,12602,Public
140,Machakos,Makueni,Mutyambua Subcounty Hospital (Level IV),12610,Public
141,Machakos,Kaiti,Mukuyuni Subcounty Hospital (Level IV),12565,Public
142,Machakos,Mbooni,Tawa Subcounty Hospital (Level IV),12787,Public
143,Makueni,Makueni,Matiliku Subcounty Hospital (Level IV),12485,Public
144,Makueni,Kibwezi West,Makindu Subcounty Hospital (Level IV),12455,Public
145,Makueni,Mbooni,Mbooni Subcounty Hospital (Level IV),12508,Public
146,Makueni,Mbooni,Kisau Subcounty Hospital (Level IV),12341,Public
147,Makueni,Kilome,Sultan Hamud Subcounty Hospital (Level IV),12777,Public
148,Makueni,Makueni,Makueni County Referral Hospital (Level V),12457,Public
149,Makueni,Kibwezi East,Kibwezi Subcounty Hospital (IV),12291,Public
150,Makueni,Kibwezi East,Kambu Subcounty Hospital (IV),18596,Public
151,Makueni,Kibwezi East,Mtito Andei Subcounty Hospital (IV),12547,Public
152,Makueni,Kaiti,Kilungu Subcounty Hospital (IV),12314,Public
153,Makueni,Kiati,Kikoko Mission Hospital (IV),12306,FBO
154,Makueni,Makueni,Ralpha Hospital,21676,Private
155,Makueni,Makueni,Royal Star Hospital,25386,Private
156,Makueni,Makueni,Ponya Hospital,18140,Private
157,Makueni,Kibwezi West,Kilome Nursing Home,12313,Private
158,Makueni,Kibwezi West,Mulatya Memorial Hospital,19320,Private
159,Nyandarua,Olkalau,JM Kariuki County Referral Hospital,10916,Public
160,Nyandarua,Kinangop,Engineer County Hospital,10171,Public
161,Nyandarua,Kinangop,North Kinangop Catholic Hospital,10887,FBO
162,Nyandarua,Olkalau,The Pine Hospital,26053,Private
163,Nyandarua,Kinangop,Pinnacle Flyover Hospital,20629,Public
164,Nyeri,Nyeri-central,NYERI COUNTY REFERRAL HOSPITAL,10903,Public
165,Nyeri,Nyeri-South,KNH ANNEX,25045,Public
166,Nyeri,Nyeri-central,MT.KENYA HOSPITAL,10739,Public
167,Kirinyaga,Kirinyaga central,Kerugoya county referral hospital,10520,Public
168,Kirinyaga,Kirinyaga north,Our lady of roudes mwea mission hospital,10808,FBO
169,Kirinyaga,Kirinyaga south,Kimbimbi sub county hospital,10609,Public
170,Kirinyaga,Kirinyaga west,Sagana sub county hospital,10994,Public
171,Kirinyaga,Kirinyaga east,kianyaga sub county hospital,10565,Public
172,Kirinyaga,Kirinyaga central,ACK mt. Kenya hospital,10738,FBO
173,Kirinyaga,Kirinyaga central,Kerugoya medical centre,10522,Private
174,Kirinyaga,Kirinyaga south,Mwea medical centre,10806,Private
175,Muranga,Kiharu,'Murang''a County Referral Hospital',10777,Public
176,Muranga,Kiharu,Muriranjas Sub County Hospital,10782,Public
177,Muranga,Kiharu,Family Heritage Hospital,22005,Private
178,Muranga,Kangema,Kangema Sub County Hospital,10470,Public
179,Muranga,'Murang''a South',Maragua Sub County Hospital,10686,Public
180,Muranga,'Murang''a South',Kenol Hospital,10512,Private
181,Muranga,Gatanga,Kirwara Sub County Hospital,10639,Public
182,Muranga,Kandara,Kandara Sub County Hospital,10459,Public
183,Muranga,Kandara,Githumu Hospital,10267,FBO
184,Muranga,Kandara,Gaichanjiru Hospital,10199,FBO
185,Muranga,Kigumo,Kigumo Sub County Hospital,10588,Public
186,Muranga,Mathioya,Kiria-Ini Mission Hospital,10627,FBO
187,Kiambu,Kikuyu,ACK Emmanuel Mission Hospital,24590,FBO
188,Kiambu,Juja,Oasis Mission Hospital,22542,FBO
189,Kiambu,Githunguri,Holy family catholic hospital githunguri,19963,FBO
190,Kiambu,Ruiru,Kalimoni Hospital (Ruiru),18200,FBO
191,Kiambu,Ruiru,Neema Hospital (Ruiru),18061,FBO
192,Kiambu,Ruiru,Nazareth Hospital (Ruiru),17490,FBO
193,Kiambu,Lari,Cure (AIC) International Hospital,17397,FBO
194,Kiambu,Juja,Kalimoni Mission Hospital (Juja),10438,FBO
195,Kiambu,Thika Town,Mary Help of The Sick Hospital,10698,FBO
196,Kiambu,Kikuyu,Kikuyu (PCEA) Hospital,10603,FBO
197,Kiambu,Limuru,Nazareth Hospital,10825,FBO
198,Kiambu,Thika Town,St Mulumba Mission Hospital,10765,FBO
199,Kiambu,Lari,Kijabe (AIC) Hospital,10602,FBO
200,Kiambu,Lari,Immaculate Heart Hospital Kereita,10518,FBO
201,Kiambu,Thika Town,Immaculate Heart of Mary Hospital,10349,FBO
202,Kiambu,Kabete,Wangige Sub County Hospital,11170,Public
203,Kiambu,Kabete,Nyathuna Level 4 Hospital,10895,Public
204,Kiambu,Juja,Jkuat Hospital,10378,Public
205,Kiambu,Kiambaa,Kihara Sub County Hospital,10591,Public
206,Kiambu,Gatundu North,Igegania Sub-District Hospital,10338,Public
207,Kiambu,Gatundu South,Gatundu District Hospital,10233,Public
208,Kiambu,Lari,Lari Hospital,10655,Public
209,Kiambu,Thika Town,Thika Level 5 Hospital,11094,Public
210,Kiambu,Limuru,Tigoni District Hospital,11104,Public
211,Kiambu,Ruiru,Ruiru Sub-County Hospital,10973,Public
212,Kiambu,Kiambu Town,Kiambu County Referal Hospital,10539,Public
213,Kiambu,Kiambaa,Karuri Level 4 Hospital,10507,Public
214,Kiambu,Kikuyu,Lusigetti Sub-county Hospital,10666,Public
215,Kiambu,Githunguri,Kigumo Level 4 hospital,10587,Public
216,Kiambu,Kabete,Life Point Hospital,25364,Private
217,Kiambu,Kikuyu,Oakwood Hospital,25503,Private
218,Kiambu,Thika Town,Thika Nursing Hospital,24150,Private
219,Kiambu,Limuru,St Joel Community Hospital,23966,Private
220,Kiambu,Gatundu North,Wendo Hospital Gatukuyu,23904,Private
221,Kiambu,Kiambu Town,St.Marys Mother & Child Hospital (Kiambu Town ),23542,Private
222,Kiambu,Kabete,Kabete Gardens Hospital,23297,Private
223,Kiambu,Ruiru,Arise Hospital Limited,23031,Private
224,Kiambu,Juja,Juja Modern Hospital & Maternity,22321,Private
225,Kiambu,Thika Town,Caritas community hospital,22054,Private
226,Kiambu,Thika Town,Avenue Hospital Thika,20628,Private
227,Kiambu,Kiambu Town,Radiant Group of Hospital (Kiambu),20383,Private
228,Kiambu,Kiambu Town,St.Teresa Hospital Kiambu,20378,Private
229,Kiambu,Kiambu Town,St Marks Hospital,19655,Private
230,Kiambu,Gatundu South,St Judes Nursing Home Hospital,19603,Private
231,Kiambu,Kiambu Town,Mercylight Hospital,18597,Private
232,Kiambu,Thika Town,Central Memorial Hospital,10083,Private
233,Kiambu,Thika Town,Naidu Hospital,10819,Private
234,Kiambu,Ruiru,Kahawa Wendani Hospital,10308,Private
235,Kiambu,Ruiru,Eddiana Hospital,10162,Private
236,Kiambu,Thika Town,Vineyard Hospital,10154,Private
237,Kiambu,Ruiru,Ruiru Hospital Limited,10974,Private
238,Kiambu,Thika Town,Mt Sinai Nursing Home,10740,Private
239,Kiambu,Thika Town,Caritas community hospital (Township),10088,Private
240,Kiambu,Thika Town,Thika Nursing Home,11097,Private
241,Turkana,Turkana Central,Lodwar County Referral Hospital,15049,Public
242,Turkana,Turkana West,Lopiding sub county Hospital,15081,Public
243,Turkana,Turkana North,Lokitaung sub county Hospital,15062,Public
244,Turkana,Turkana East,Kapedo sub county Hospital,14699,Public
245,Turkana,Loima,Kakuma sub county Hospital,25423,Public
246,Turkana,Turkana Central,Lorugum sub county Hospital,20826,Public
247,Turkana,Turkana South,Kanamkemer sub county Hospital,25423,Public
248,Turkana,Turkana South,Katilu sub county Hospital,14818,Public
249,Turkana,Turkana East,Lokichar sub county Hospital,21345,Public
250,Turkana,Turkana East,Lokori sub county Hospital,21316,Public
251,Turkana,Turkana East,Elelea sub county Hospital,14436,Public
252,Turkana,Kibish,Kaikor sub county Hospital,14643,Public
253,Turkana,Turkana west,Kakuma Mission Hospital,14655,FBO
254,Turkana,Turkana west,Ammusait General Hospital,25412,NGO
255,West pokot,West pokot,Kapenguria county referral hospital,14701,Public
256,West pokot,Pokot central,Sigor sub couunty hospital,15564,Public
257,West pokot,Pokot south,Chepareria sub county hospital,14330,Public
258,West pokot,Pokot north,Kacheliba sub county hospital,14634,Public
259,West pokot,Pokot south,Ortum mission hospital,15446,FBO
260,Samburu,Samburu Central,Samburu County Referral Hospital,15126,Public
261,Trans Nzoia,Kiminini,kitale county hospital,14947,public
262,Trans Nzoia,Kiminini,mt elgon hospital,15239,public
263,Trans Nzoia,Kwanza,kwanza sub county hospital,15003,public
264,Trans Nzoia,Endebess,endebess sub county hospital,14455,public
265,Trans Nzoia,Kiminini,matunda sub county hospital,16364,public
266,Trans Nzoia,Cherengany,cherangany sub county hospital,16743,public
267,Trans Nzoia,Cherengany,kapsara sub county hospital,15377,public
268,Trans Nzoia,Saboti,saboti sub county hospital,14119,public
269,Uasin Gishu,Kapseret,Kapteldon Sub county Hospital,14779,Public
270,Uasin Gishu,Kesses,Kesses Sub County Hospital,14841,Public
271,Uasin Gishu,Soy,Ziwa Sub County Hospital,15788,Public
272,Uasin Gishu,Ainabkoi,Burnt Forest Sub County Hospital,16347,Public
273,Uasin Gishu,Turbo,Turbo Sub County Hospital,15753,Public
274,Uasin Gishu,Moiben,Moiben Sub County Hospital,15206,Public
275,Uasin Gishu,,,,
276,Uasin Gishu,Moiben,Uasin gishu district Hospital,15758,Public
277,Uasin Gishu,Turbo,Huruma Sub County Hospital,14555,Public
278,Uasin Gishu,Ainabkoi,Mediheal Hospital-Eldoret,15167,Private
279,Uasin Gishu,Ainabkoi,Moi Teaching & Referral Hospital,,Public
280,Uasin Gishu,Ainabkoi,Eldoret Hospital,14435,Private
281,Uasin Gishu,Turbo,Moi Barracks-Eldoret,,Military
282,Elgeyo Marakwet,Keiyo North,Iten County Referral Hospital,14586,Public
283,Nandi,Emgwen,Kapsabet county referral hospital,14749,Public
284,Nandi,Nandi Hills,Nandi Hills County hospital,14179,Public
285,Nandi,Aldai,Kaptumo sub county hospital,14792,Public
286,Nandi,Tinderet,Meteitei sub county hospital,15181,Public
287,Nandi,Mosop,Kabiyet sub county hospital,14623,Public
288,Nandi,Mosop,Chepterwai sub county hospital,14369,Public
289,Nandi,Tinderet,Mosoriot sub county hospital,15229,Public
290,Baringo,Baringo Central,Kabarnet Bliss Medical Center,23828,Private
291,Baringo,Mogotio,Mogotio Sub-County Hospital Baringo,20005,Public
292,Baringo,Marigat,Marigat Sub District Hospital,15138,Public
293,Baringo,Koibatek,Mercy Hospital,15174,FBO
294,Baringo,Baringo Central,Baringo County Refferal Hospital,14607,Public
295,Baringo,Tiaty West,Chemolingot District Hospital,14321,Public
296,Baringo,Koibatek,Eldama Ravine District Hospital,14432,Public
297,Baringo,Baringo North,Kabartonjo Referral Hospital,14609,Public
298,Baringo,Tiaty East,Tangulbei Sub county Hospital,15707,Public
299,Laikipia,Laikipia East,Nanyuki Teaching and Referral Hospital,26822,Public
300,Laikipia,Laikipia West,Nyahururu County Referral Hospital,10890,Public
301,Nakuru,Nakuru North,Bahati District Hospital,14224,Public
302,Nakuru,Nakuru East,Optimum Current Health Care Hospital,26526,Private
303,Nakuru,Nakuru West,Mediheal Hospital (Nakuru) Annex,24929,Private
304,Nakuru,Rongai,Soin sub county hospital,15200,Public
305,Nakuru,Gilgil,St. Joseph RiftValley Hospital,25155,Private
306,Nakuru,Gilgil,Gilgil Military Regional Hospital,14511,Armed Forces
307,Nakuru,Molo,Elburgon Sub-District Hospital,14431,Public
308,Nakuru,Nakuru East,Mirugi Kariuki Sub County Hospital,15188,Public
309,Nakuru,Nakuru East,Bondeni Sub County Hospital,14265,Public
310,Nakuru,Nakuru East,Mediheal Hospital Nakuru,18266,Private
311,Nakuru,Nakuru East,Baraka Maternity Home,14230,Private
312,Nakuru,Naivasha,Naivasha District Hospital,15280,Public
313,Nakuru,Subukia,Kabazi Sub County Hospital,14611,Public
314,Nakuru,Nakuru East,Nairobi Women hospital - Nakuru CBD,24173,Private
315,Nakuru,Subukia,Subukia Sub County Hospital,15678,Public
316,Nakuru,Nakuru East,Langa Langa Hospital,15009,Public
317,Nakuru,Naivasha,Polyclinic Hospital,15466,Private
318,Nakuru,Nakuru West,Sunrise Evans Hospital,15686,Private
319,Nakuru,Nakuru West,Nakuru Provincial General Hospital,15288,Public
320,Nakuru,Gilgil,Gilgil Sub County Hospital,14510,Public
321,Nakuru,Kuresoi South,Olenguruone Sub-District Hospital,15398,Public
322,Nakuru,Kuresoi South,Keringet Sub County Hospital,14836,Public
323,Nakuru,Nakuru East,Nakuru Nursing Home,15287,Private
324,Nakuru,Molo,Molo District Hospital,15212,Public
325,Nakuru,Njoro,Njoro Subcounty Hospital,15358,Public
326,Nakuru,Nakuru West,Annex Hospital (Nakuru),14207,Public
327,Nakuru,Nakuru West,Nakuru War Memorial Hospital,15289,Private
328,Nakuru,Naivasha,The Karen Hospital Limited(Naivasha),23568,Private
329,Nakuru,Gilgil,'St Mary''s Hospital',15654,FBO
330,Nakuru,Njoro,Egerton University,14426,Public
331,Nakuru,Nakuru East,'Nairobi Women''s Hospital',20061,Private
332,Nakuru,Nakuru East,Valley Hospital,15764,Private
333,Nakuru,Nakuru West,Alexandria Cancer Centre & Palliative care Hospital,22886,Private
334,Nakuru,Nakuru East,Mercy Mission Hospital - Annex Nakuru,22859,FBO
335,Narok,Narok north,Narok county Referal Hospital,15311,Public
336,Narok,Transmara West,Lolgorian Sub District Hosp,15068,Public
337,Narok,Narok West,Baraka Hospital,17757,NGO
338,Narok,Narok North,The Shepherd Hospital Limited,26997,NGO
339,Narok,Narok North,Narok Cottage Hospital,20548,Private
340,Narok,Narok North,Medicatia Hospital,18784,Private
341,Narok,Narok South,Ololulunga District Hospital,15423,Public
342,Narok,Transmara West,Transmara West Sub County Hospital,15739,Public
343,Narok,Transmara West,St Joseph Hospital,15647,FBO
344,Kajiado,Kajiado Central,Kajiado County Referral Hospital,14652,Public
345,Kajiado,Kajiado South,Loitokitok Sub-County Hospital,15051,Public
346,Kajiado,Kajiado East,Kitengela Sub-County Hospital,14950,Public
347,Kajiado,Kajiado North,Ngong Sub-County Hospital,15351,Public
348,Kajiado,Kajiado North,Ongata Rongai Sub-County Hospital,15446,Public
349,Kericho,Bureti,Kapkatet Sub County Hospital,14706,Public
350,Kericho,Bureti,AIC Litein Hospital,14178,FBO
351,Kericho,Bureti,St. Gabriel Hospital,22153,Private
352,Kericho,Bureti,Roret Sub County Hospital,15498,Public
353,Kericho,Sigowet/Soin,Sigowet Sub County Hospiotal,15568,Public
354,Kericho,Belgut,Sosiot SCH,15617,Public
355,Kericho,Ainamoi,Kericho County Referral Hospital,14831,Public
356,Kericho,Ainamoi,Kericho Nursing Home,14834,Private
357,Kericho,Ainamoi,Siloam Hospital,15571,Private
358,Kericho,Ainamoi,St. Leonards Hospital,15649,Private
359,Kericho,Ainamoi,UTK Central Hospital,15761,Private
360,Kericho,Ainamoi,Green View Hospital,14538,Private
361,Kericho,Kipkelion East,Londiani Hospital,15074,Public
362,Kericho,Kipkelion West,Kipkelion Sub County Hospital,14897,Public
363,Kericho,Kipkelion West,Fort Ternan SCH,14501,Public
364,Kericho,Ainamoi,Kipchimchim Hospital,14890,FBO
365,Bomet,Bomet East,Longisa County referral Hospital,15077,Public
366,Kakamega,Lurambi,Kakamega General and Referral Hospital,15915,Public
367,Kakamega,Likuyani,Likuyani Sub County Hospital,15961,Public
368,Kakamega,Lugari,Lumakanda County Hospital,15969,Public
369,Kakamega,Malava,Malava County Hospital,15996,Public
370,Kakamega,Shinyalu,Shinyalu Model Health Centre,17596,Public
371,Kakamega,Ikolomani,Iguhu County Hospital,15899,Public
372,Kakamega,Khwisero,Khwiseo Health Centre,15940,Public
373,Kakamega,Butere,Butere County Hospital,15836,Public
374,Kakamega,Matungu,Matungu Sub County Hospital,16037,Public
375,Kakamega,Navakholo,Navakholo Sub County Hospital,16078,Public
376,Kakamega,Mumias West,Mumias West Sub County Hospital,25166,Public
377,Kakamega,Mumias East,Shianda Health Centre,20194,Public
378,Vihiga,Hamisi,Hamisi sub county hospital,15894,public
379,Vihiga,sabatia,sabatia sub county hosp,16098,public
380,Vihiga,Luanda,Emuhaya subcounty hosp,15876,public
381,Vihiga,Hamisi,kaimosi mission,15913,FBO
382,Vihiga,Luanda,coptic mission hospital,15862,FBO
383,Vihiga,sabatia,sabatia eye hospital,16097,FBO
384,Bungoma,Kanduyi,Bungoma county referral hospital,15828,Public
385,Bungoma,Bumula,Bumula subcounty hospital,15825,Public
386,Bungoma,Kimilili,Kimilili subcounty hospital,15950,Public
387,Bungoma,Kabuchai,Chwele subcounty hospital,15860,Public
388,Bungoma,Mt. Elgon,Mt. Elgon subcounty hospital,16025,Public
389,Bungoma,Webuye East,Sinoko subcounty hospital,16126,Public
390,Bungoma,Tongaren,Naitiri sucounty hospital,16061,Public
391,Bungoma,Mt. Elgon,Cheptais subcounty hospital,15855,Public
392,Bungoma,Sirisia,Sirisia subcounty hospital,16130,Public
393,Bungoma,Webuye West,Bokoli subcounty hospital,15808,Public
394,Bungoma,Webuye West,Webuye county hospital,16161,Public
395,Bungoma,Webuye West,Lugulu misssion hospital,15965,FBO
396,Bungoma,Kanduyi,St damiano mission hospital,16138,FBO
397,Bungoma,Kanduyi,Elgon view hospital,15871,Private
398,Bungoma,Kanduyi,Bungoma west hospital,20323,Private
399,Bungoma,Kanduyi,Lifecare hospital,18852,Private
400,Bungoma,Kanduyi,Fountain health care,22652,Private
401,Bungoma,Kimilili,Korry family hospital,23738,Private
402,Bungoma,Kanduyi,Khalaba medical centre,17881,Private
403,Bungoma,Kimilili,Dreamland medical cenre,15864,FBO
404,Busia,Matayos,Busia County Referral Hospital,15834,Public
405,Busia,Bunyala,Port Victoria Sub County Hospital,16091,Public
406,Busia,Butula,Khunyangu Sub County Hospital,15939,Public
407,Busia,Nambale,Nambale Sub County Hospital,16066,Public
408,Busia,Samia,Sio Port Sub County Hospital,16128,Public
409,Busia,Samia,Holly Family Nangina Mission Hospital,16073,FBO
410,Busia,Teso North,Teso North Sub County Hospital,16150,Public
411,Busia,Teso South,Alupe Sub County Hospital,15795,Public
412,Siaya,Ugunja,Ambira Sub-County Hospital,13476,Public
413,Siaya,Bondo,Bondo County Referral Hospital,13507,Public
414,Siaya,Bondo,Got Agulu Sub-District Hospital,13588,Public
415,Siaya,Alego Usonga,Rwambwa Sub-county Hospital,14063,Public
416,Siaya,Alego Usonga,Siaya County Referral Hospital,14080,Public
417,Siaya,Rarieda,Madiany Sub County Hospital,13747,Public
418,Siaya,Ugunja,Sigomere Sub County Hospital,14085,Public
419,Siaya,Bondo,Uyawi ACH,14165,Public
420,Siaya,Ugenya,Ukwala SCH,14156,Public
421,Siaya,Gem,Yala SCH,14175,Public
422,Siaya,Ugenya,Matibabu Ukwala Clinic (Hospital ),17529,NGO
423,Siaya,Gem,Sagam Community Hospital,14064,NGO
424,Siaya,Ugenya,Sega Cottage Hospital,14071,Private
425,Siaya,Ugenya,Sega Mission Hospital,14073,FBO
426,Siaya,Alego Usonga,Siaya Medical Centre,14081,Private
427,Siaya,Rarieda,St Elizabeth Lwak Mission Health Centre,13739,FBO
428,Siaya,Alego Usonga,Bama Hospital,13493,Private
429,Siaya,Gem,Dolphil Nursing & Maternity Home,13535,FBO
430,Siaya,Gem,Inuka Hospital & Maternity Home,13618,Private
431,Kisumu,Kisumu Central,Migosi Sub County Hospital,13807,GOK
432,Kisumu,Kisumu Central,Kisumu County Referral Hospital,13704,GOK
433,Kisumu,Kisumu Central,Jaramogi Oginga Odinga Teaching and Referral Hospital,13939,GOK
434,Kisumu,Kisumu Central,Lumumba Health Centre,13738,GOK
435,Kisumu,Kisumu East,Gita Sub-county Hospital,13647,GOK
436,Kisumu,Kisumu West,Nyahera Sub-County Hospital,13880,GOK
437,Kisumu,Kisumu West,Chulaimbo County Hospital,13528,GOK
438,Kisumu,Kisumu West,Ober Kamoth Sub county Hospital,13954,GOK
439,Kisumu,Kisumu West,Ojola Sub County Hospital,13971,GOK
440,Kisumu,Seme,Kombewa County Hospital,13714,GOK
441,Kisumu,Seme,Miranga Sub District Hospital,13810,GOK
442,Kisumu,Seme,Manyuanda Health Centre,13770,GOK
443,Kisumu,Muhoroni,Muhoroni County Hospital,13831,GOK
444,Kisumu,Muhoroni,'Nyang''oma Sub County Hospital',13928,GOK
445,Kisumu,Muhoroni,Masogo Sub County Hospital,13785,GOK
446,Kisumu,Nyakach,Nyakach County Hospital,13921,GOK
447,Kisumu,Nyakach,Katito Sub County Hospital,13657,GOK
448,Kisumu,Nyakach,Sondu Sub County Hospital,14096,GOK
449,Kisumu,Nyakach,Nyamarimba Sub County Hospital,13899,GOK
450,Kisumu,Nyando,Ahero County Hospital,13468,GOK
451,Kisumu,Nyando,Nyangande Sub-County Hospital,13923,GOK
452,Kisumu,Nyando,Rabuor Sub-county Hospital,14020,GOK
453,Kisumu,Kisumu Central,Avenue Hospital Kisumu,20123,Private
454,Kisumu,Kisumu Central,Aga Khan Hospital (Kisumu),13465,Private
455,Kisumu,Kisumu Central,Nightingale Milimani Hospital,24317,Private
456,Kisumu,kisumu east,St. Elizabeth chiga,14106,FBO
457,Kisumu,Kisumu West,Maseno Mission,13781,FBO
458,Kisumu,Kisumu West,St. Jairus,21766,Private
459,Kisumu,Kisumu West,Portflorence,14017,Private
460,Kisumu,Muhoroni,Koru Mission,13719,FBO
461,Kisumu,Muhoroni,St. vincent depaul,14128,FBO
462,Kisumu,Nyakach,Nyabondo Mission,13864,FBO
463,Kisumu,Nyando,Awasi Mission Hospital,13491,Private
464,Kisumu,Nyando,Ahero medical clinic,18291,Private
465,Homa Bay,Homa Bay Town,St.Lawrence Hospital,21162,Private
466,Homa Bay,Mbita,Mbita Sub-County Hospital,13798,Public
467,Homa Bay,Homa Bay Town,Homa Bay County Teaching and Referral Hospital,13608,Public
468,Homa Bay,Kabondo Kasipul,Kabondo Sub-County Hospital,13638,Public
469,Homa Bay,Suba South,Nyandiwa Level IV Hospital,13920,Public
470,Homa Bay,Rachuonyo South,Nyangiela Sub District,13926,Public
471,Homa Bay,Suba South,Magunga Level IV Hospital,13753,Public
472,Homa Bay,Mbita,Ogongo Sub-County Hospital,13967,Public
473,Homa Bay,Rangwe,Asumbi Mission Hospital,13488,FBO
474,Homa Bay,Homa Bay Town,Marindi Sub County Referral Hospital,13777,Public
475,Homa Bay,Suba South,Suba Sub-Couty Hospital,14130,Public
476,Homa Bay,Suba South,Sori Lakeside Hospital (Sindo),23677,Private
477,Homa Bay,Karachuonyo,Kendu Sub-District Hospital,13668,Public
478,Homa Bay,Karachuonyo,Kendu Adventist Hospital,13667,FBO
479,Homa Bay,Ndhiwa,Ndhiwa Sub-District Hospital,13841,Public
480,Homa Bay,Rachuonyo South,Rachuonyo District Hospital,14022,Public
481,Homa Bay,Suba South,Kisegi Sub-District Hospital,13701,Public
482,Homa Bay,Rachuonyo South,Matata Nursing Hospital,13789,Public
483,Homa Bay,Rangwe,Rangwe Sub-District Hospital,14036,Public
484,Homa Bay,Karachuonyo,Kandiege Sub-District Hospital,13653,Public
485,Migori,Suna east,Migori county referral hospital,13805,Public
486,Migori,Uriri,Uriri subcounty hospital,14161,Public
487,Migori,Uriri,Oyani subcounty hospital,14009,Public
488,Migori,Uriri,Othoro subcounty hospital,14003,Public
489,Migori,Awendo,Awendo subcounty hospital,13492,Public
490,Migori,Rongo,Rongo subcounty hospital,14058,Public
491,Migori,Suna west,Nyamaraga sub county hospital,13897,Public
492,Migori,Nyatike,Macalder subcounty hospital,13745,Public
493,Migori,Nyatike,Karungu subcounty hospital,13656,Public
494,Migori,Nyatike,Muhuru sub county hospital,13833,Public
495,Migori,Kuria west,Isebania subcounty hospital,13625,Public
496,Migori,Kuria west,Kehancha subcounty hospital,13726,Public
497,Migori,Kuria east,Kegonga subcounty hospital,13663,Public
498,Migori,Kuria east,Ntimaru sub county hospital,13858,Public
499,Migori,Suna east,St. Josephs mission,14110,FBO
500,Migori,Nyatike,St. Camillus sori,14103,FBO
501,Migori,Nyatike,Sori lake side hospital,23674,Private
502,Migori,Awendo,Rapcom hospital,14037,Private
503,Migori,Rongo,Royal hospital,14061,Private
504,Migori,Suna west,Akidiva memorial hospital,14101,Private
505,Migori,Kuria west,Samjomen hospital,21427,Private
506,Migori,Suna west,Ojele memorial hospital,13970,Private
507,Migori,Rongo,Lwala Community Hospital,13740,NGO
508,Migori,Uriri,Neocare memorial hospital,23755,Private
509,Migori,Awendo,Ulanda mission hospital,23082,FBO
510,Migori,Kuria east,Wima Hospital,24235,Private
511,Migori,Suna east,Enockhan Hospital,24793,Private
512,Migori,Suna west,PASTOR MACHAJE HOSPITAL,14014,Private
513,Migori,Rongo,Lenmek Hospital Rongo Annex,22320,Private
514,Migori,Kuria west,St Akidiva Mindira Hospital - Mabera,20020,Private
515,Kisii,Bobasi,Nyamache Sub County Refferal Hospital,13891,GOK
516,Kisii,Bobasi,Nyacheki Sub Couny Hospital,13867,GOK
517,Kisii,Bomachoge Borabu,Kenyenya Sub Count Referral Hospital,13673,GOK
518,Kisii,Bomachoge Chache,Gucha Sub County Referral Hospital,13594,GOK
519,Kisii,Bomachoge Chache,Misesi Sub County Hospital,13814,GOK
520,Kisii,Bonchari,Iyabe Sub County Referral Hospital,13631,GOK
521,Kisii,Bonchari,Nyamagundo Sub County Hospital,13892,GOK
522,Kisii,Bonchari,Marble Hospital,22839,Private
523,Kisii,Kitutu Chache North,Marani Sub County Referral Hospital,13772,GOK
524,Kisii,Kitutu Chache North,Getembe Kenyara Hospital,23594,Private
525,Kisii,Kitutu Chache South,Kisii Teaching and Referral Hospital,13703,GOK
526,Kisii,Kitutu Chache South,Iranda Sub County Referral Hospital,13620,GOK
527,Kisii,Kitutu Chache South,Mediforte Hospital LTD,25454,Private
528,Kisii,Kitutu Chache South,Care and Cure Hospital,24483,Private
529,Kisii,Kitutu Chache South,The Nairobi Family Hospital,23961,Private
530,Kisii,Kitutu Chache South,Oasis Specialist Hospital,20619,Private
531,Kisii,Kitutu Chache South,Nyangena Hospital,13925,Private
532,Kisii,Kitutu Chache South,Ram Hospital,14028,Private
533,Kisii,Kitutu Chache South,Getembe Hospital,13567,Private
534,Kisii,Kitutu Chache South,Bosongo Hospital,13515,Private
535,Kisii,Kitutu Chache South,Hema Hospital,13603,Private
536,Kisii,Nyaribari Chache,Keumbu Sub County Referral Hospital,13680,GOK
537,Kisii,Nyaribari Chache,Ibeno Sub County Hospital,13612,GOK
538,Kisii,Nyaribari Chache,Christamarrianne Hospital,13527,FBO
539,Kisii,Nyaribari Chache,Nyanchwa Adventist Hospital,13918,FBO
540,Kisii,Nyaribari Masaba,Gesusu Sub County Refferal Hospital,13564,GOK
541,Kisii,Nyaribari Masaba,Masimba Sub County Hospital,13783,GOK
542,Kisii,Nyaribari Masaba,Ibacho Sub County Hospital,13611,GOK
543,Kisii,Nyaribari Masaba,Nyamasibi Sub County Hospital,13903,GOK
544,Kisii,Nyaribari Masaba,St Cathrine Ichuni Mission Hospital,20914,FBO
545,Kisii,South Mugirango,Nduru Sub County Referral Hospital,13847,GOK
546,Kisii,South Mugirango,Etago Sub County Hospital,13550,GOK
547,Kisii,South Mugirango,Tabaka Mission Hospital,14139,FBO
548,Nyamira,Manga,Manga District Hospital,13766,Public
549,Nyamira,Manga,Holsoms Nursing Home,24431,Private
550,Nyamira,Manga,Nyangena Sub District Hospital (Manga),13924,Public
551,Nyamira,Nyamira South,Nyamira County Refferal Hospital,13912,Public
552,Nyamira,Nyamira South,Oasis Maternity and Nursing Home,23702,Private
553,Nyamira,Nyamira South,Kinara Hospital,13913,Private
554,Nyamira,Nyamira North,Nyamusi Sub-District Hospital,13916,Public
555,Nyamira,Nyamira North,Ekerenyo Sub-District Hospital,13540,Public
556,Nyamira,Masaba North,Esani Sub-District Hospital,13548,Public
557,Nyamira,Masaba North,Gesima Sub-County Hospital,13559,Public
558,Nyamira,Masaba North,Masaba District Hospital,13678,Public
559,Nyamira,Borabu,Kijauri Sub County Hospital,13692,Public
560,Nyamira,Borabu,Nyansiongo Nursing Home,13937,FBO
561,Nairobi,Roysambu,Kenyatta University Teaching Refferal and Research Hospital,24979,Public
562,Nairobi,Embakasi West,Mama Lucy Kibaki Hospital - Embakasi,17411,Public
563,Nairobi,Dagoretti South,Mutuini Sub-District Hospital,13105,Public
564,Nairobi,Mathare,Mathari Hospital,13076,Public
565,Nairobi,Kibra,Kenyatta National Hospital,13023,Public
566,Nairobi,Kamukunji,Moi Air Base Hospital,13095,Public
567,Nairobi,Kamukunji,Pumwani Maternity Hospital,13156,Public
568,Nairobi,Dagoretti North,National Spinal Injury Hospital,13194,Public
569,Nairobi,Kibra,Memorial Hospital,13087,Public
570,Nairobi,Kibra,Mbagathi District Hospital,13080,Public
571,Nairobi,Westlands,Nairobi Adventist Hospital,24563,FBO
572,Nairobi,Dagoretti North,Better Living Hospital,23385,FBO
573,Nairobi,Ruaraka,Ruaraka Uhai Neema Hospital,18485,FBO
574,Nairobi,Kasarani,St Francis Community Hospital (Kasarani),17943,FBO
575,Nairobi,Starehe,The Mater Misericordiae Hospital,13074,FBO
576,Nairobi,Makadara,Jamaa Mission Hospital,12984,FBO
577,Nairobi,Mathare,Jumuia Hospital Huruma,12972,FBO
578,Nairobi,Dagoretti North,Coptic Hospital (Ngong Road),12905,FBO
579,Nairobi,Langata,'St Mary''s Mission Hospital',13218,FBO
580,Nairobi,Westlands,Mediheal Hospital Parklands,26331,Private
581,Nairobi,Dagoretti North,Garden Specialist Hospital,25941,Private
582,Nairobi,Starehe,Health Gate Hospital,25644,Private
583,Nairobi,Kasarani,RFH Specialist Hospital,24828,Private
584,Nairobi,Kasarani,Radiant Group Of Hospitals Kasarani Sportsview,24488,Private
585,Nairobi,Kamukunji,Mediheal Hospital Eastleigh,23985,Private
586,Nairobi,Ruaraka,Drive-In Nursing Hospital-Ruaraka,23855,Private
587,Nairobi,Westlands,The Nairobi Hospital Warwick Outpatient Center,23559,Private
588,Nairobi,Embakasi East,Bristol Park Hospital Utawala,23399,Private
589,Nairobi,Kasarani,Radiant Hospital Kasarani Annex,23068,Private
590,Nairobi,Langata,South C Hospital Limited(South C),22844,Private
591,Nairobi,Westlands,Lions Sightfirst Eye Hospital,21147,Private
592,Nairobi,Langata,Melchizedek Hospital Karen,20072,Private
593,Nairobi,Westlands,The Mater Hospital (Westlands),19543,Private
594,Nairobi,Embakasi East,Mariakani Cottage Hospital Utawala,19432,Private
595,Nairobi,Starehe,Juja Road Hospital (Nairobi),19318,Private
596,Nairobi,Starehe,Lad Nan Hospital,19316,Private
597,Nairobi,Roysambu,St Louis Community Hospital,19280,Private
598,Nairobi,Embakasi East,Bristal Park Hospital,18271,Private
599,Nairobi,Starehe,South B Hospital Ltd,18005,Private
600,Nairobi,Langata,'St Mac''s Hospital',17391,Private
601,Nairobi,Dagoretti North,Nairobi Womens Hospital Adams,16795,Private
602,Nairobi,Dagoretti North,Nairobi Hospital,13110,Private
603,Nairobi,Westlands,Mp Shah Hospital (Westlands),13098,Private
604,Nairobi,Langata,Meridian Equator Hospital,13109,Private
605,Nairobi,Makadara,Mariakani Cottage Hospital Ltd,13064,Private
606,Nairobi,Kasarani,St Francis Com Hospital,13202,Private
607,Nairobi,Embakasi West,Umoja Hospital,13241,Private
608,Nairobi,Kamukunji,Mother & Child Hospital,13096,Private
609,Nairobi,Kamukunji,Dorkcare Nursing Home,12921,Private
610,Nairobi,Langata,Langata Hospital,13042,Private
611,Nairobi,Embakasi Central,Kayole Hospital,13014,Private
612,Nairobi,Langata,The Karen Hospital,13004,Private
613,Nairobi,Westlands,Gertrudes Childrens Hospital,12950,Private
614,Nairobi,Starehe,Guru Nanak Hospital,12965,Private
615,Nairobi,Mathare,Huruma Maternity Hospital,12975,Private
616,Nairobi,Roysambu,Compassionate Hospital,12902,Private
617,Nairobi,Westlands,Avenue Hospital,12874,Private
618,Nairobi,Westlands,Aga Khan Hospital,12867,Private
619,Nairobi,Dagoretti North,Nairobi Womens Hospital (Hurlingham),13117,Private
620,Nairobi,Dagoretti North,Melchezedek Hospital,13086,Private
621,Nairobi,Starehe,Radiant Pangani Hospital,13158,Private
622,Nairobi,Langata,Nairobi West Hospital,13115,Private
623,Nairobi,Makadara,Metropolitan Hospital Nairobi,13090,Private
624,Nairobi,Langata,Nairobi South Hospital,13112,Private
